transaction_id,sender_account_id,receiver_account_id,transaction_amount,transaction_timestamp,transaction_type,payment_channel,merchant_category,transaction_status,currency,device_id,session_id,user_id,account_age_days,current_balance,account_type,age,occupation,monthly_income,home_country,kyc_status,device_type,registered_device_match,rooted_device,emulator_detected,app_version,authentication_method,otp_verified,biometric_verified,failed_pin_attempts,session_duration,session_trust_score,sim_binding_verified,average_transaction_amount,previous_transaction_timestamp,transactions_last_1h,transactions_last_24h,international_transaction_history,last_transaction_latitude,last_transaction_longitude,last_transaction_city,hour_of_day,day_of_week,market_volatility_index,recipient_seen_before,recipient_verified,recipient_account_age_days,recipient_country,latitude,longitude,city,country,ip_country,RecipientGNNScore,is_fraud
TXN000000016,ACC0054832,ACC0116776,1142.33,26/08/2025 23:50,P2M,UPI,Shopping,Success,INR,DEV0050425,SES00504711,USR042041,463,5658,Salary,40,Salaried Employee,54651,India,Verified,iPhone,TRUE,FALSE,FALSE,1.0.0,PIN,TRUE,FALSE,0,151,0.92,TRUE,2014.58,03/11/2025 03:47,2,20,FALSE,23.029091,72.58228,Ahmedabad,23,Tuesday,8.65,0,1,3450,India,23.029091,72.58228,Ahmedabad,India,India,,0
TXN000000046,ACC0089921,ACC0043761,967.01,28/08/2025 05:39,P2P,UPI,Salary,Success,INR,DEV0082797,SES00829390,USR069041,2405,72090,Salary,33,Salaried Employee,74890,India,Verified,iPhone,TRUE,FALSE,FALSE,1.2.0,PIN,TRUE,FALSE,2,389,0.86,TRUE,1517.64,19/12/2025 03:08,2,10,FALSE,12.953208,77.602956,Bengaluru,5,Thursday,28.59,1,1,800,India,12.953208,77.602956,Bengaluru,India,India,,0
TXN000000150,ACC0071901,ACC0068483,7163.51,28/08/2025 11:58,P2M,UPI,Restaurant,Success,INR,DEV0066203,SES00663263,USR055189,373,57023,Salary,28,Salaried Employee,39545,India,Verified,Android,TRUE,FALSE,FALSE,1.1.0,Biometric,TRUE,TRUE,0,135,0.89,TRUE,3553.46,28/08/2025 11:58,2,14,FALSE,22.557316,88.356809,Kolkata,11,Thursday,14.89,1,1,2034,India,22.557316,88.356809,Kolkata,India,India,,0
TXN000000248,ACC0125235,ACC0048062,680.48,29/08/2025 14:17,P2M,Credit Card,Groceries,Success,INR,DEV0115362,SES01154558,USR096215,951,115035,Current,22,Student,6451,India,Verified,Android,TRUE,FALSE,FALSE,1.0.0,Password + OTP,TRUE,FALSE,0,155,0.93,TRUE,3194.11,26/12/2025 16:26,2,15,FALSE,18.536561,73.863491,Pune,14,Friday,23.14,1,1,2087,India,18.536561,73.863491,Pune,India,India,,0
TXN000000447,ACC0032917,ACC0021503,917.25,30/08/2025 03:03,Bank Transfer,UPI,Salary,Success,INR,DEV0030251,SES00302592,USR025217,2419,54054,Savings,59,Government Employee,87926,India,Verified,Web,FALSE,FALSE,FALSE,2.0.0,Password + OTP,TRUE,FALSE,1,77,0.69,TRUE,1926.44,02/12/2025 13:29,3,3,FALSE,28.540657,77.410039,Noida,3,Saturday,21.8,1,1,902,India,28.540657,77.410039,Noida,India,India,,0
TXN000000484,ACC0100782,ACC0111256,1848.85,25/08/2025 02:40,P2M,UPI,Groceries,Success,INR,DEV0092820,SES00929458,USR077398,1350,7796,Salary,33,Business Owner,139174,India,Verified,Android,TRUE,FALSE,FALSE,2.0.0,Biometric + OTP,TRUE,FALSE,0,141,0.98,TRUE,2640.43,25/12/2025 10:18,1,6,FALSE,12.981511,77.598048,Bengaluru,2,Monday,22.56,1,1,2018,India,12.981511,77.598048,Bengaluru,India,India,,0
TXN000000632,ACC0003672,ACC0129159,3822.46,25/08/2025 18:09,Bank Transfer,Debit Card,Utilities,Success,INR,DEV0003325,SES00033109,USR002819,1323,79513,Business,58,Salaried Employee,59694,India,Verified,Android,TRUE,FALSE,FALSE,1.0.0,Biometric + OTP,TRUE,FALSE,0,169,0.97,TRUE,1905.3,27/12/2025 02:39,2,4,FALSE,12.976763,77.585559,Bengaluru,18,Monday,25.25,0,1,1959,India,12.976763,77.585559,Bengaluru,India,India,,0
TXN000000871,ACC0123851,ACC0080487,5003.85,26/08/2025 09:44,P2M,UPI,Salary,Success,INR,DEV0114072,SES01141584,USR095160,1427,35798,Salary,58,Business Owner,73911,India,Verified,Android,TRUE,FALSE,FALSE,1.0.0,PIN,TRUE,FALSE,0,512,0.91,TRUE,2335.43,23/11/2025 07:36,1,1,FALSE,13.066707,80.254387,Chennai,9,Tuesday,23.03,1,1,3585,India,13.066707,80.254387,Chennai,India,India,,0
TXN000000975,ACC0098659,ACC0015908,4411.7,29/08/2025 14:43,Bank Transfer,UPI,Utilities,Success,INR,DEV0090885,SES00910136,USR075788,631,65567,Salary,69,Retired,31730,India,Verified,Android,TRUE,FALSE,FALSE,1.1.0,PIN,TRUE,TRUE,0,81,0.97,TRUE,3216.21,08/10/2025 10:45,1,3,FALSE,17.365478,78.474462,Hyderabad,14,Friday,17.19,1,1,1624,India,17.365478,78.474462,Hyderabad,India,India,,0
TXN000001003,ACC0017594,ACC0107887,453.63,31/08/2025 19:10,P2P,NEFT,Shopping,Success,INR,DEV0016158,SES00161645,USR013498,3291,22704,Current,30,Business Owner,295263,India,Verified,iPhone,TRUE,FALSE,FALSE,2.0.0,PIN,TRUE,TRUE,1,722,0.94,TRUE,1229.72,31/08/2025 19:10,5,10,TRUE,22.587315,88.364184,Kolkata,19,Sunday,29.83,1,1,2865,India,22.587315,88.364184,Kolkata,India,India,,0
TXN000001028,ACC0029458,ACC0049229,3521.57,30/08/2025 22:11,P2M,NEFT,Groceries,Success,INR,DEV0027085,SES00271093,USR022564,2137,46745,Business,55,Self-employed,51746,India,Verified,Android,TRUE,FALSE,FALSE,1.1.0,Biometric + OTP,TRUE,TRUE,0,261,0.89,TRUE,1812.92,29/09/2025 10:06,4,8,FALSE,13.083331,80.271987,Chennai,22,Saturday,26.54,0,1,2806,India,13.083331,80.271987,Chennai,India,India,,0
TXN000001219,ACC0117926,ACC0116451,1034.25,29/08/2025 03:50,P2M,NEFT,Travel,Success,INR,DEV0108639,SES01087466,USR090583,2281,17376,Salary,31,Salaried Employee,50812,India,Verified,Web,TRUE,FALSE,FALSE,2.0.0,PIN,TRUE,FALSE,1,293,0.95,TRUE,2134.33,20/12/2025 11:27,4,8,FALSE,12.954718,77.596837,Bengaluru,3,Friday,17.36,1,1,2756,India,12.954718,77.596837,Bengaluru,India,India,,0
TXN000001229,ACC0021752,ACC0128976,1950.83,27/08/2025 06:05,Bank Transfer,Debit Card,Utilities,Success,INR,DEV0020010,SES00200221,USR016696,3497,11302,Current,25,Salaried Employee,80393,India,Verified,Android,TRUE,FALSE,FALSE,1.0.0,Password + OTP,TRUE,FALSE,0,93,0.89,TRUE,1927.89,09/09/2025 04:43,4,6,FALSE,17.368883,78.494435,Hyderabad,6,Wednesday,15.03,1,1,450,India,17.368883,78.494435,Hyderabad,India,India,,0
TXN000001517,ACC0030930,ACC0053037,864.78,31/08/2025 16:00,P2P,UPI,Healthcare,Success,INR,DEV0028450,SES00284678,USR023694,1724,149068,Current,63,Homemaker,13906,India,Rejected,Android,TRUE,FALSE,FALSE,2.0.0,PIN,TRUE,FALSE,2,224,0.92,TRUE,2458.61,31/08/2025 16:00,2,9,FALSE,26.858163,80.94498,Lucknow,16,Sunday,22.11,0,1,2458,India,26.858163,80.94498,Lucknow,India,India,,0
TXN000001518,ACC0003172,ACC0043725,1527.26,28/08/2025 21:07,P2M,UPI,Shopping,Success,INR,DEV0002873,SES00028551,USR002442,1252,114618,Savings,49,Business Owner,315610,India,Verified,Android,TRUE,FALSE,FALSE,1.1.0,PIN,TRUE,FALSE,0,22,0.94,TRUE,1164.9,30/08/2025 21:52,0,18,FALSE,28.533915,77.381759,Noida,21,Thursday,14.4,1,1,721,India,28.533915,77.381759,Noida,India,India,,0
TXN000001575,ACC0003985,ACC0127203,22036.59,30/08/2025 17:45,P2P,UPI,Groceries,Success,INR,DEV0003611,SES00035985,USR003056,2559,56138,Salary,31,Salaried Employee,34003,India,Verified,Android,TRUE,FALSE,FALSE,1.2.0,Password + OTP,TRUE,FALSE,3,33,0.98,TRUE,5415.6,12/12/2025 05:03,3,7,FALSE,28.603781,77.21282,Delhi,17,Saturday,25.55,0,0,1684,India,28.603781,77.21282,Delhi,India,India,,0
TXN000001607,ACC0058827,ACC0088552,572.34,26/08/2025 15:37,P2M,UPI,Utilities,Success,INR,DEV0054146,SES00542219,USR045137,851,135082,Salary,43,Homemaker,26123,India,Verified,Android,TRUE,FALSE,FALSE,1.1.0,PIN,TRUE,TRUE,1,168,0.93,TRUE,1979.17,03/11/2025 22:38,1,5,FALSE,28.615044,77.20806,Delhi,15,Tuesday,18.26,1,1,2476,India,28.615044,77.20806,Delhi,India,India,,0
TXN000001640,ACC0013772,ACC0104131,2367.55,28/08/2025 15:49,P2P,Credit Card,Travel,Success,INR,DEV0012619,SES00126232,USR010558,1248,19562,Current,75,Homemaker,13132,India,Verified,Android,TRUE,FALSE,FALSE,2.0.0,PIN,TRUE,FALSE,0,386,0.93,TRUE,2158.35,13/09/2025 04:23,5,4,FALSE,28.532133,77.404502,Noida,15,Thursday,27.55,1,1,718,India,28.532133,77.404502,Noida,India,India,,0
TXN000001646,ACC0095972,ACC0106926,262.4,25/08/2025 21:33,P2M,UPI,Healthcare,Success,INR,DEV0088354,SES00884829,USR073699,1831,532592,Salary,75,Retired,36452,India,Verified,Android,TRUE,FALSE,FALSE,1.0.0,PIN,FALSE,TRUE,0,59,0.99,TRUE,1687.26,25/08/2025 21:33,2,11,FALSE,23.027131,72.562023,Ahmedabad,21,Monday,27.1,1,1,2714,India,23.027131,72.562023,Ahmedabad,India,India,,0
TXN000001776,ACC0111304,ACC0029622,607.11,29/08/2025 18:42,P2P,Debit Card,Healthcare,Success,INR,DEV0102531,SES01026388,USR085482,1631,21285,Business,20,Student,10303,India,Verified,iPhone,TRUE,FALSE,FALSE,1.1.0,Biometric + OTP,TRUE,TRUE,0,261,0.89,TRUE,2232.76,23/11/2025 11:59,5,20,FALSE,28.633711,77.218636,Delhi,18,Friday,15.27,1,1,2326,India,28.633711,77.218636,Delhi,India,India,,0
TXN000001873,ACC0040350,ACC0024088,4152.04,27/08/2025 00:53,P2M,UPI,Fuel,Success,INR,DEV0037035,SES00370630,USR030908,611,122646,Savings,40,Homemaker,10591,India,Verified,iPhone,TRUE,FALSE,FALSE,1.2.0,PIN,TRUE,FALSE,0,100,0.87,TRUE,2249.14,27/08/2025 00:53,3,12,FALSE,13.073204,80.252357,Chennai,0,Wednesday,22.08,1,1,2156,India,13.073204,80.252357,Chennai,India,India,,0
TXN000001971,ACC0099440,ACC0094000,263.56,31/08/2025 20:39,P2M,IMPS,Entertainment,Success,INR,DEV0091608,SES00917222,USR076383,2678,17261,Business,36,Self-employed,39420,India,Verified,iPhone,TRUE,TRUE,FALSE,2.0.0,Password + OTP,TRUE,FALSE,1,239,0.53,TRUE,3427.06,18/09/2025 13:32,4,20,FALSE,28.533728,77.406177,Noida,20,Sunday,14.83,1,1,3488,India,28.533728,77.406177,Noida,India,India,,0
TXN000002159,ACC0051520,ACC0068701,2286.09,27/08/2025 00:46,P2M,UPI,Fuel,Success,INR,DEV0047367,SES00474124,USR039493,380,31803,Current,41,Business Owner,65616,India,Pending,iPhone,FALSE,FALSE,FALSE,2.0.0,PIN,TRUE,TRUE,0,65,0.75,TRUE,1962.01,31/10/2025 13:22,0,2,FALSE,26.861324,80.953942,Lucknow,0,Wednesday,13.52,1,1,791,India,26.861324,80.953942,Lucknow,India,India,,0
TXN000002170,ACC0061776,ACC0089675,318.32,30/08/2025 15:04,P2M,NEFT,Restaurant,Success,INR,DEV0056870,SES00569268,USR047407,85,33560,Savings,38,Homemaker,10641,India,Verified,Android,TRUE,FALSE,FALSE,1.2.0,Biometric,TRUE,FALSE,1,136,0.96,TRUE,3211.49,30/09/2025 03:37,4,6,FALSE,22.577679,88.361944,Kolkata,15,Saturday,27.87,1,1,588,India,22.577679,88.361944,Kolkata,India,India,,0
TXN000002717,ACC0044983,ACC0024701,684.3,31/08/2025 11:01,P2M,UPI,Groceries,Success,INR,DEV0041352,SES00413696,USR034472,3196,33388,Savings,71,Retired,33148,India,Verified,Android,TRUE,FALSE,FALSE,1.0.0,PIN,TRUE,FALSE,0,92,0.93,TRUE,2341.51,20/10/2025 16:46,1,12,FALSE,19.071943,72.868047,Mumbai,11,Sunday,19.43,1,1,2324,India,19.071943,72.868047,Mumbai,India,India,,1
TXN000002771,ACC0096468,ACC0048633,960.61,25/08/2025 22:03,P2M,UPI,Travel,Success,INR,DEV0088817,SES00889388,USR074071,2340,436019,Salary,62,Retired,26401,India,Verified,Android,TRUE,FALSE,FALSE,1.0.0,PIN,TRUE,FALSE,0,134,0.9,TRUE,2047.79,09/12/2025 21:19,2,3,FALSE,13.077186,80.269873,Chennai,22,Monday,27.23,1,1,2891,India,13.077186,80.269873,Chennai,India,India,,0
TXN000002796,ACC0074165,ACC0032836,909.4,30/08/2025 02:53,P2M,UPI,Groceries,Success,INR,DEV0068298,SES00684370,USR056935,813,451338,Current,64,Retired,55635,India,Verified,Android,TRUE,FALSE,FALSE,2.0.0,Biometric,TRUE,FALSE,2,226,0.92,TRUE,3554.44,06/09/2025 14:55,1,16,FALSE,26.856761,80.932718,Lucknow,2,Saturday,22.52,1,1,1258,India,26.856761,80.932718,Lucknow,India,India,,0
TXN000002798,ACC0015814,ACC0106499,362.94,28/08/2025 00:31,P2M,UPI,Groceries,Success,INR,DEV0014504,SES00144899,USR012120,2253,213327,Current,64,Business Owner,67531,India,Verified,Android,TRUE,FALSE,FALSE,1.0.0,PIN,TRUE,FALSE,0,247,0.86,TRUE,2661.51,08/10/2025 14:26,3,17,FALSE,18.504775,73.837876,Pune,0,Thursday,18.81,1,0,3071,India,18.504775,73.837876,Pune,India,India,,0
TXN000002812,ACC0040929,ACC0028943,1424.9,31/08/2025 10:23,P2M,UPI,Restaurant,Success,INR,DEV0037581,SES00376068,USR031356,2325,17251,Business,38,Salaried Employee,115690,India,Verified,Android,TRUE,FALSE,FALSE,1.0.0,PIN,TRUE,TRUE,2,142,0.94,TRUE,2142.94,31/08/2025 10:23,2,13,FALSE,12.986594,77.580363,Bengaluru,10,Sunday,16.72,1,1,2040,India,12.986594,77.580363,Bengaluru,India,India,,0
TXN000002824,ACC0029720,ACC0087543,589.39,27/08/2025 07:01,P2P,Debit Card,Groceries,Success,INR,DEV0027321,SES00273517,USR022759,3166,32121,Current,62,Business Owner,56205,India,Pending,iPhone,TRUE,FALSE,FALSE,1.2.0,PIN,TRUE,TRUE,0,187,0.95,TRUE,844.26,22/12/2025 16:17,2,12,FALSE,23.026574,72.557141,Ahmedabad,7,Wednesday,19.5,1,1,946,India,23.026574,72.557141,Ahmedabad,India,India,,0
TXN000002901,ACC0074969,ACC0021410,835.85,29/08/2025 01:09,Bank Transfer,IMPS,Utilities,Success,INR,DEV0069032,SES00691468,USR057546,934,41514,Business,44,Self-employed,25812,India,Rejected,iPhone,TRUE,FALSE,FALSE,2.0.0,Password + OTP,TRUE,FALSE,1,787,0.87,TRUE,1869.01,28/11/2025 12:30,0,8,FALSE,18.531624,73.872448,Pune,1,Friday,23.79,1,1,487,India,18.531624,73.872448,Pune,India,India,,0
TXN000003179,ACC0008561,ACC0102716,3426.93,28/08/2025 04:57,P2M,NEFT,Entertainment,Success,INR,DEV0007834,SES00078596,USR006572,1579,270725,Savings,45,Self-employed,30997,India,Verified,iPhone,TRUE,FALSE,FALSE,1.0.0,Biometric + OTP,TRUE,FALSE,0,429,0.89,TRUE,2723.12,14/12/2025 06:42,0,13,FALSE,12.969538,77.576214,Bengaluru,4,Thursday,24.46,1,1,3044,India,12.969538,77.576214,Bengaluru,India,India,,0
TXN000003224,ACC0126713,ACC0018333,1119.69,25/08/2025 05:29,P2M,UPI,Investment,Success,INR,DEV0116723,SES01168131,USR097348,2765,97407,Current,57,Government Employee,94534,India,Verified,iPhone,TRUE,FALSE,FALSE,1.0.0,PIN,TRUE,TRUE,0,136,0.93,TRUE,4658.73,25/08/2025 05:29,0,16,FALSE,28.633111,77.207167,Delhi,5,Monday,15.43,1,0,34,India,28.633111,77.207167,Delhi,India,India,,0
TXN000003530,ACC0021949,ACC0130084,4360.66,31/08/2025 17:38,P2M,Credit Card,Healthcare,Success,INR,DEV0020181,SES00201926,USR016842,1576,118446,Business,51,Business Owner,241363,India,Verified,Android,TRUE,FALSE,FALSE,1.0.0,Biometric,TRUE,FALSE,0,124,0.95,TRUE,1952.87,28/11/2025 18:45,2,16,FALSE,18.521607,73.843063,Pune,17,Sunday,27.56,0,1,1218,India,18.521607,73.843063,Pune,India,India,,0
TXN000003610,ACC0044107,ACC0112901,1131.32,25/08/2025 11:00,Bank Transfer,UPI,Fuel,Success,INR,DEV0040527,SES00405602,USR033790,435,80491,Savings,69,Retired,25726,India,Verified,Android,TRUE,FALSE,FALSE,2.0.0,PIN,TRUE,FALSE,1,225,0.97,TRUE,2721.23,11/10/2025 05:14,1,4,FALSE,13.100673,80.288314,Chennai,11,Monday,24.55,1,1,3297,India,13.100673,80.288314,Chennai,India,India,,0
TXN000003691,ACC0031434,ACC0100702,1648.01,30/08/2025 02:33,P2M,UPI,Healthcare,Success,INR,DEV0028902,SES00289206,USR024081,354,100663,Current,70,Retired,29653,India,Pending,Android,TRUE,FALSE,FALSE,1.2.0,Password + OTP,TRUE,FALSE,0,442,0.97,TRUE,1261.34,29/12/2025 10:32,1,9,FALSE,18.529013,73.855967,Pune,2,Saturday,30.53,1,1,2736,India,18.529013,73.855967,Pune,India,India,,0
TXN000003774,ACC0084601,ACC0104894,712.31,25/08/2025 01:38,P2P,Net Banking,Groceries,Success,INR,DEV0077909,SES00780470,USR064955,1126,34878,Savings,34,Salaried Employee,29386,India,Verified,iPhone,TRUE,FALSE,FALSE,2.0.0,PIN,FALSE,TRUE,0,519,0.91,TRUE,2797.58,30/11/2025 10:15,2,9,FALSE,28.533643,77.372446,Noida,1,Monday,18.65,1,1,1236,India,28.533643,77.372446,Noida,India,India,,0
TXN000004048,ACC0021227,ACC0127865,1053.1,30/08/2025 10:32,P2P,UPI,Groceries,Success,INR,DEV0019518,SES00195291,USR016287,2947,56783,Business,48,Business Owner,74419,India,Verified,Android,TRUE,FALSE,FALSE,1.2.0,Biometric + OTP,TRUE,FALSE,0,498,0.99,TRUE,2468.68,22/12/2025 14:46,5,9,FALSE,22.589378,88.345987,Kolkata,10,Saturday,21.02,1,1,1920,India,22.589378,88.345987,Kolkata,India,India,,0
TXN000004160,ACC0023232,ACC0097804,275.91,26/08/2025 19:38,P2P,NEFT,Fuel,Success,INR,DEV0021373,SES00213751,USR017826,2094,55159,Current,30,Salaried Employee,68147,India,Verified,Android,TRUE,FALSE,FALSE,2.0.0,Biometric,TRUE,FALSE,0,99,0.98,TRUE,3667.18,29/12/2025 06:41,4,13,FALSE,17.375797,78.47226,Hyderabad,19,Tuesday,14.79,1,1,2567,India,17.375797,78.47226,Hyderabad,India,India,,0
TXN000004393,ACC0098327,ACC0111916,1517.07,30/08/2025 02:38,P2M,UPI,Entertainment,Success,INR,DEV0090569,SES00906966,USR075526,1251,50371,Savings,66,Retired,44276,India,Verified,iPhone,TRUE,FALSE,FALSE,1.0.0,PIN,TRUE,FALSE,0,92,0.86,TRUE,2251.19,16/12/2025 08:37,3,18,FALSE,28.630785,77.19504,Delhi,2,Saturday,13.76,1,1,78,India,28.630785,77.19504,Delhi,India,India,,0
TXN000004416,ACC0062116,ACC0084208,1194,28/08/2025 13:11,P2M,UPI,Travel,Success,INR,DEV0057191,SES00572586,USR047675,680,99553,Current,21,Student,6022,India,Verified,Android,TRUE,FALSE,FALSE,2.0.0,PIN,TRUE,TRUE,0,146,0.99,TRUE,2207.19,28/08/2025 13:11,1,9,FALSE,12.95441,77.608127,Bengaluru,13,Thursday,14.31,0,1,336,India,12.95441,77.608127,Bengaluru,India,India,,0
TXN000004635,ACC0065666,ACC0077045,717.56,31/08/2025 20:25,P2M,Credit Card,Shopping,Success,INR,DEV0060443,SES00605175,USR050384,1615,398163,Salary,36,Salaried Employee,58147,India,Verified,Android,TRUE,FALSE,FALSE,1.0.0,Biometric + OTP,TRUE,TRUE,0,65,0.86,TRUE,1482.4,31/08/2025 20:25,3,12,FALSE,18.536205,73.841836,Pune,20,Sunday,10.36,1,1,422,India,18.536205,73.841836,Pune,India,India,,0
TXN000004801,ACC0125154,ACC0089490,2585.24,31/08/2025 05:15,P2P,UPI,Healthcare,Success,INR,DEV0115285,SES01153778,USR096152,1809,134203,Business,45,Salaried Employee,55010,India,Verified,Android,TRUE,FALSE,FALSE,1.1.0,PIN,TRUE,FALSE,0,236,0.99,TRUE,2561.28,20/09/2025 16:51,3,9,FALSE,23.002623,72.555754,Ahmedabad,5,Sunday,16.93,1,1,181,India,23.002623,72.555754,Ahmedabad,India,India,,0
TXN000004994,ACC0071203,ACC0061804,386.22,28/08/2025 16:12,P2M,UPI,Utilities,Success,INR,DEV0065566,SES00656802,USR054645,3463,24650,Business,49,Government Employee,56534,India,Verified,iPhone,TRUE,FALSE,FALSE,1.2.0,Biometric,TRUE,FALSE,0,183,0.88,TRUE,2056.89,16/12/2025 12:17,2,14,FALSE,22.56674,88.377122,Kolkata,16,Thursday,21.28,0,0,1075,India,22.56674,88.377122,Kolkata,India,India,,0
TXN000005268,ACC0099596,ACC0021342,581.65,28/08/2025 09:49,Bank Transfer,UPI,Travel,Success,INR,DEV0091744,SES00918611,USR076500,2347,49553,Current,43,Salaried Employee,45702,India,Verified,iPhone,TRUE,TRUE,FALSE,2.0.0,Biometric + OTP,TRUE,FALSE,3,35,0.63,TRUE,1785.83,08/11/2025 17:12,3,20,FALSE,28.551415,77.382377,Noida,9,Thursday,23.97,1,1,986,India,28.551415,77.382377,Noida,India,India,,0
TXN000005273,ACC0117090,ACC0093376,6087.24,26/08/2025 12:58,P2P,IMPS,Utilities,Success,INR,DEV0107863,SES01079681,USR089931,1342,54714,Salary,49,Salaried Employee,94195,India,Verified,Web,TRUE,FALSE,FALSE,1.0.0,Password + OTP,TRUE,FALSE,0,322,0.93,TRUE,2996.45,26/10/2025 08:23,0,18,FALSE,28.6244,77.193259,Delhi,12,Tuesday,26.13,1,1,205,India,28.6244,77.193259,Delhi,India,India,,0
TXN000005362,ACC0122130,ACC0064106,1030.89,29/08/2025 14:51,P2M,IMPS,Groceries,Success,INR,DEV0112485,SES01125740,USR093828,299,50743,Current,51,Self-employed,91373,India,Verified,Android,TRUE,FALSE,FALSE,1.1.0,PIN,TRUE,FALSE,0,245,0.93,TRUE,2949.56,29/08/2025 14:51,2,5,FALSE,22.561319,88.355675,Kolkata,14,Friday,19.62,1,1,2203,India,22.561319,88.355675,Kolkata,India,India,,0
TXN000005547,ACC0128986,ACC0052616,833.79,31/08/2025 20:54,P2M,UPI,Fuel,Success,INR,DEV0118867,SES01189437,USR099109,695,44973,Savings,30,Salaried Employee,120992,India,Verified,Android,TRUE,FALSE,FALSE,1.1.0,Password,TRUE,TRUE,0,513,0.87,TRUE,3032.37,31/10/2025 18:36,4,10,FALSE,23.009896,72.585365,Ahmedabad,20,Sunday,22.36,0,1,3641,India,23.009896,72.585365,Ahmedabad,India,India,,0
TXN000005782,ACC0067858,ACC0019628,484.38,26/08/2025 09:57,P2M,UPI,Shopping,Success,INR,DEV0062475,SES00625645,USR052084,2027,47262,Business,49,Homemaker,15680,India,Verified,iPhone,TRUE,FALSE,FALSE,2.0.0,Biometric + OTP,TRUE,FALSE,0,74,0.92,TRUE,3808.96,28/10/2025 07:47,1,8,FALSE,19.091355,72.890255,Mumbai,9,Tuesday,25.89,1,1,3153,India,19.091355,72.890255,Mumbai,India,India,,0
TXN000005845,ACC0060783,ACC0010509,2479.98,25/08/2025 18:55,P2M,UPI,Fuel,Success,INR,DEV0055958,SES00560223,USR046649,38,376330,Salary,56,Self-employed,28765,India,Verified,iPhone,TRUE,FALSE,FALSE,2.0.0,PIN,TRUE,FALSE,3,109,0.89,TRUE,3592.5,16/11/2025 16:09,0,18,FALSE,26.831772,80.949803,Lucknow,18,Monday,16.01,1,1,1111,India,26.831772,80.949803,Lucknow,India,India,,0
TXN000005985,ACC0117400,ACC0100575,16610.66,25/08/2025 23:19,P2P,Debit Card,Travel,Success,INR,DEV0108145,SES01082615,USR090172,2208,34857,Business,47,Self-employed,61446,India,Verified,Android,TRUE,FALSE,FALSE,1.2.0,PIN,TRUE,FALSE,2,297,0.97,TRUE,2766.95,12/12/2025 13:46,2,4,FALSE,12.960922,77.579459,Bengaluru,23,Monday,14.88,1,1,3158,India,12.960922,77.579459,Bengaluru,India,India,,0
TXN000006014,ACC0001864,ACC0125160,2462.75,31/08/2025 04:09,P2M,RTGS,Fuel,Success,INR,DEV0001663,SES00016428,USR001426,2333,46588,Business,27,Self-employed,22447,India,Verified,Android,TRUE,FALSE,FALSE,1.0.0,Password + OTP,TRUE,TRUE,0,59,0.94,TRUE,2537.95,10/10/2025 08:19,5,14,FALSE,12.957993,77.586699,Bengaluru,4,Sunday,10.33,1,1,179,India,12.957993,77.586699,Bengaluru,India,India,,0
TXN000006195,ACC0085388,ACC0045033,2210.29,26/08/2025 08:26,P2M,Debit Card,Shopping,Success,INR,DEV0078607,SES00787675,USR065537,2481,64501,Current,18,Student,9602,India,Verified,Android,TRUE,FALSE,FALSE,2.0.0,PIN,TRUE,FALSE,0,86,0.92,TRUE,1509.5,19/11/2025 12:51,1,4,TRUE,12.958393,77.591801,Bengaluru,8,Tuesday,19.56,1,1,81,India,12.958393,77.591801,Bengaluru,India,India,,0
TXN000006228,ACC0057097,ACC0113104,1082.63,28/08/2025 12:20,P2P,IMPS,Restaurant,Success,INR,DEV0052546,SES00525958,USR043801,3026,40549,Salary,23,Self-employed,105887,India,Verified,Android,TRUE,FALSE,FALSE,2.0.0,Biometric + OTP,TRUE,TRUE,0,262,0.89,TRUE,2430.78,30/12/2025 04:24,1,4,FALSE,19.07286,72.859809,Mumbai,12,Thursday,18.57,1,1,1874,India,19.07286,72.859809,Mumbai,India,India,,0
TXN000006405,ACC0047533,ACC0011066,1841,26/08/2025 15:23,P2M,UPI,Rent,Success,INR,DEV0043709,SES00437343,USR036426,659,12116,Current,26,Salaried Employee,53537,India,Verified,Android,TRUE,FALSE,FALSE,1.1.0,Biometric + OTP,TRUE,FALSE,0,73,0.94,TRUE,1764.15,26/09/2025 09:24,5,7,FALSE,17.394931,78.471172,Hyderabad,15,Tuesday,23.99,1,1,2861,India,17.394931,78.471172,Hyderabad,India,India,,0
TXN000006840,ACC0036404,ACC0011705,1634.86,28/08/2025 11:07,P2P,Credit Card,Restaurant,Success,INR,DEV0033413,SES00334475,USR027858,1394,126719,Savings,44,Self-employed,73905,India,Verified,Android,TRUE,FALSE,FALSE,1.0.0,Biometric + OTP,TRUE,TRUE,0,104,0.95,TRUE,6614.8,17/12/2025 00:14,4,4,FALSE,12.971178,77.589251,Bengaluru,11,Thursday,15.6,1,1,3087,India,12.971178,77.589251,Bengaluru,India,India,,0
TXN000007125,ACC0098065,ACC0063234,768.52,26/08/2025 01:52,P2M,UPI,Entertainment,Success,INR,DEV0090324,SES00904548,USR075322,2331,12489,Business,52,Salaried Employee,45611,India,Verified,Android,TRUE,FALSE,FALSE,1.2.0,PIN,TRUE,FALSE,4,91,0.89,TRUE,1528.76,31/10/2025 06:02,1,1,FALSE,19.069706,72.875076,Mumbai,1,Tuesday,22.16,1,1,112,India,19.069706,72.875076,Mumbai,India,India,,0
TXN000007250,ACC0096860,ACC0058186,1315.64,28/08/2025 00:48,P2M,IMPS,Entertainment,Success,INR,DEV0089201,SES00893175,USR074385,809,8137,Savings,44,Self-employed,139961,India,Verified,Android,TRUE,FALSE,FALSE,1.0.0,PIN,TRUE,FALSE,0,163,0.95,TRUE,2765.03,04/11/2025 08:13,0,9,FALSE,22.559269,88.363035,Kolkata,0,Thursday,23.54,0,1,1720,India,22.559269,88.363035,Kolkata,India,India,,0
TXN000007363,ACC0000976,ACC0112557,3854.61,31/08/2025 20:48,Bank Transfer,Debit Card,Groceries,Success,INR,DEV0000885,SES00008754,USR000756,1230,109275,Current,47,Salaried Employee,163464,India,Verified,Android,TRUE,FALSE,FALSE,1.2.0,PIN,TRUE,TRUE,4,48,0.94,TRUE,3388.62,22/11/2025 02:19,5,20,FALSE,19.060973,72.896963,Mumbai,20,Sunday,21.84,1,1,1555,India,19.060973,72.896963,Mumbai,India,India,,0
TXN000007370,ACC0115631,ACC0035865,1044.82,28/08/2025 05:35,P2P,IMPS,Groceries,Success,INR,DEV0106519,SES01066166,USR088818,1873,33170,Salary,67,Retired,56461,India,Verified,iPhone,TRUE,FALSE,FALSE,1.2.0,Password,TRUE,FALSE,2,78,0.87,TRUE,1495.13,15/11/2025 06:07,1,11,FALSE,17.381796,78.506473,Hyderabad,5,Thursday,16.98,1,1,3095,India,17.381796,78.506473,Hyderabad,India,India,,0
TXN000007811,ACC0124261,ACC0000058,953.07,31/08/2025 06:09,P2M,NEFT,Rent,Success,INR,DEV0114451,SES01145404,USR095469,3520,49341,Salary,23,Government Employee,104770,India,Verified,iPhone,TRUE,FALSE,FALSE,1.2.0,Biometric + OTP,TRUE,FALSE,0,89,0.98,TRUE,2217.93,31/08/2025 06:09,3,4,FALSE,23.020064,72.582954,Ahmedabad,6,Sunday,15.55,1,0,2460,India,23.020064,72.582954,Ahmedabad,India,India,,0
TXN000007816,ACC0015821,ACC0119328,1446.56,29/08/2025 15:09,P2P,UPI,Fuel,Success,INR,DEV0014509,SES00144945,USR012125,57,177001,Current,28,Self-employed,94038,India,Verified,Android,TRUE,FALSE,FALSE,1.0.0,Password + OTP,TRUE,TRUE,2,225,0.85,TRUE,2534.02,14/11/2025 16:11,5,19,FALSE,28.552539,77.378157,Noida,15,Friday,19.78,1,0,3418,India,28.552539,77.378157,Noida,India,India,,0
TXN000007845,ACC0049142,ACC0126670,8723.98,25/08/2025 14:49,P2M,UPI,Fuel,Success,INR,DEV0045195,SES00452217,USR037673,666,300205,Savings,31,Salaried Employee,61438,India,Pending,Android,TRUE,FALSE,FALSE,1.2.0,PIN,TRUE,TRUE,0,105,0.78,TRUE,4028.82,25/08/2025 14:49,1,7,FALSE,12.977397,77.603136,Bengaluru,14,Monday,21.72,1,1,2147,India,12.977397,77.603136,Bengaluru,India,India,,0
TXN000007908,ACC0087567,ACC0111162,2695.32,28/08/2025 23:08,P2M,Credit Card,Salary,Success,INR,DEV0080602,SES00807470,USR067207,1363,89883,Current,55,Salaried Employee,43304,India,Verified,Android,TRUE,FALSE,FALSE,1.0.0,Biometric + OTP,TRUE,TRUE,0,406,0.91,TRUE,1964.01,21/10/2025 16:22,5,14,FALSE,23.014889,72.562467,Ahmedabad,23,Thursday,21.08,1,1,464,India,23.014889,72.562467,Ahmedabad,India,India,,0
TXN000008126,ACC0011730,ACC0074542,531.94,25/08/2025 14:04,P2M,UPI,Travel,Success,INR,DEV0010753,SES00107780,USR009002,2675,71856,Business,28,Salaried Employee,81049,India,Verified,Android,TRUE,FALSE,FALSE,1.2.0,PIN,TRUE,FALSE,0,249,0.86,TRUE,3082.7,01/12/2025 11:02,4,16,FALSE,13.093822,80.263732,Chennai,14,Monday,18.89,1,1,3484,India,13.093822,80.263732,Chennai,India,India,,0
TXN000008160,ACC0104541,ACC0002775,594.83,25/08/2025 05:18,P2M,Debit Card,Salary,Success,INR,DEV0096262,SES00963912,USR080273,2742,24086,Current,25,Salaried Employee,43382,India,Verified,Android,TRUE,FALSE,FALSE,1.0.0,Biometric,TRUE,TRUE,0,138,0.86,TRUE,1632.7,21/12/2025 07:56,2,18,FALSE,28.61351,77.220753,Delhi,5,Monday,26.39,1,0,330,India,28.61351,77.220753,Delhi,India,India,,0
TXN000008256,ACC0128272,ACC0065463,741.07,27/08/2025 21:24,P2P,UPI,Entertainment,Success,INR,DEV0118198,SES01182819,USR098554,2395,29164,Salary,32,Homemaker,7269,India,Pending,Web,TRUE,FALSE,FALSE,2.0.0,Password + OTP,TRUE,FALSE,0,286,0.92,TRUE,2020.34,29/12/2025 07:47,4,18,FALSE,12.985176,77.58536,Bengaluru,21,Wednesday,22.2,1,1,2721,India,12.985176,77.58536,Bengaluru,India,India,,0
TXN000008583,ACC0038647,ACC0106181,2115.51,29/08/2025 05:35,P2P,UPI,Utilities,Success,INR,DEV0035479,SES00355109,USR029593,2929,153229,Savings,29,Self-employed,128169,India,Verified,Android,TRUE,FALSE,FALSE,2.0.0,PIN,TRUE,FALSE,0,137,0.86,FALSE,2442.34,19/10/2025 18:40,1,2,TRUE,19.087134,72.889542,Mumbai,5,Friday,9.29,1,1,2559,India,19.087134,72.889542,Mumbai,India,India,,0
TXN000008587,ACC0090241,ACC0129449,694.97,28/08/2025 08:31,P2P,UPI,Utilities,Success,INR,DEV0083092,SES00832399,USR069292,2637,168909,Business,42,Government Employee,97553,India,Verified,Android,TRUE,FALSE,FALSE,1.1.0,PIN,TRUE,FALSE,2,193,0.85,TRUE,1013.31,28/08/2025 08:31,4,6,FALSE,12.961279,77.574684,Bengaluru,8,Thursday,20.18,1,1,1565,India,12.961279,77.574684,Bengaluru,India,India,,0
TXN000008661,ACC0082259,ACC0008057,1204.75,31/08/2025 15:01,P2M,UPI,Groceries,Success,INR,DEV0075805,SES00759289,USR063181,3625,224661,Savings,37,Homemaker,12110,India,Verified,iPhone,TRUE,FALSE,FALSE,1.2.0,Password + OTP,TRUE,FALSE,0,372,0.98,TRUE,1926.61,01/12/2025 00:20,1,5,FALSE,17.390429,78.504036,Hyderabad,15,Sunday,12.12,1,1,1969,India,17.390429,78.504036,Hyderabad,India,India,,0
TXN000008733,ACC0070848,ACC0004634,7411.18,25/08/2025 20:41,P2M,RTGS,Insurance,Success,INR,DEV0065241,SES00653545,USR054385,2625,36555,Salary,49,Salaried Employee,50476,India,Verified,Android,TRUE,FALSE,FALSE,1.1.0,PIN,TRUE,FALSE,2,105,0.92,TRUE,1875.85,15/11/2025 23:39,3,10,FALSE,17.393659,78.491784,Hyderabad,20,Monday,16.07,1,1,672,India,17.393659,78.491784,Hyderabad,India,India,,0
TXN000008847,ACC0071344,ACC0118938,626.61,28/08/2025 08:04,P2M,UPI,Groceries,Success,INR,DEV0065695,SES00658081,USR054756,1449,136427,Business,52,Homemaker,18362,India,Pending,Android,TRUE,FALSE,FALSE,1.1.0,Password,TRUE,FALSE,0,215,0.89,TRUE,6071.72,26/11/2025 21:06,5,20,FALSE,19.094692,72.858669,Mumbai,8,Thursday,19.72,1,0,2116,India,19.094692,72.858669,Mumbai,India,India,,0
TXN000008926,ACC0093598,ACC0062399,1544.05,28/08/2025 12:34,P2P,UPI,Fuel,Success,INR,DEV0086163,SES00863236,USR071866,1745,162603,Salary,35,Self-employed,73580,India,Verified,iPhone,TRUE,FALSE,FALSE,1.2.0,Biometric,TRUE,FALSE,0,224,0.99,TRUE,2718.19,26/11/2025 03:27,3,14,FALSE,28.618566,77.216234,Delhi,12,Thursday,22.88,0,0,145,India,28.618566,77.216234,Delhi,India,India,,0
TXN000009054,ACC0002221,ACC0088708,4380.99,31/08/2025 06:55,P2P,IMPS,Fuel,Success,INR,DEV0002002,SES00019855,USR001705,1257,25312,Savings,52,Salaried Employee,60125,India,Verified,Android,TRUE,TRUE,FALSE,1.0.0,PIN,TRUE,FALSE,2,331,0.56,TRUE,1942.7,14/12/2025 16:29,0,18,FALSE,18.524465,73.869149,Pune,6,Sunday,26.76,1,0,182,India,18.524465,73.869149,Pune,India,India,,0
TXN000009070,ACC0035764,ACC0022226,1003.22,29/08/2025 11:54,P2P,Credit Card,Salary,Success,INR,DEV0032812,SES00328398,USR027369,641,5188,Business,75,Retired,62813,India,Rejected,Android,TRUE,FALSE,FALSE,1.0.0,Password + OTP,TRUE,TRUE,0,72,0.98,TRUE,1956.26,20/12/2025 05:38,5,8,FALSE,13.077043,80.276567,Chennai,11,Friday,16.33,1,1,2471,India,13.077043,80.276567,Chennai,India,India,,0
TXN000009149,ACC0088804,ACC0019687,874.58,27/08/2025 03:12,P2M,UPI,Groceries,Success,INR,DEV0081781,SES00819333,USR068183,2772,81013,Salary,45,Self-employed,49347,India,Verified,Android,TRUE,FALSE,FALSE,2.0.0,Biometric,TRUE,FALSE,1,45,0.91,TRUE,3581.04,27/08/2025 03:12,2,10,FALSE,28.516025,77.410754,Noida,3,Wednesday,16.82,1,1,1302,India,28.516025,77.410754,Noida,India,India,,0
TXN000009226,ACC0099892,ACC0058300,1382.19,25/08/2025 21:08,P2P,Credit Card,Groceries,Success,INR,DEV0092009,SES00921351,USR076723,275,55808,Business,32,Business Owner,312927,India,Verified,iPhone,TRUE,FALSE,FALSE,1.1.0,Biometric,TRUE,FALSE,0,281,0.92,TRUE,3675.91,25/08/2025 21:08,4,10,FALSE,18.51079,73.853024,Pune,21,Monday,23.28,0,1,1113,India,18.51079,73.853024,Pune,India,India,,0
TXN000009288,ACC0018879,ACC0089302,6287.72,26/08/2025 17:47,P2P,UPI,Fuel,Success,INR,DEV0017345,SES00173685,USR014477,448,145237,Salary,28,Salaried Employee,70813,India,Verified,Android,TRUE,FALSE,FALSE,1.1.0,PIN,TRUE,FALSE,0,512,0.95,TRUE,3221.18,25/12/2025 13:06,3,16,FALSE,19.095789,72.881616,Mumbai,17,Tuesday,17.9,1,1,2852,India,19.095789,72.881616,Mumbai,India,India,,0
TXN000009304,ACC0013750,ACC0042976,822.23,27/08/2025 00:31,P2P,UPI,Fuel,Success,INR,DEV0012599,SES00126062,USR010541,3081,33579,Current,47,Salaried Employee,26703,India,Verified,Android,TRUE,FALSE,FALSE,1.2.0,Biometric,TRUE,FALSE,0,354,0.95,TRUE,1928.86,27/08/2025 00:31,0,11,FALSE,19.084796,72.8698,Mumbai,0,Wednesday,28.34,1,1,3300,India,19.084796,72.8698,Mumbai,India,India,,0
TXN000009488,ACC0099564,ACC0036299,1224.17,31/08/2025 17:20,P2M,UPI,Groceries,Success,INR,DEV0091713,SES00918336,USR076476,3018,35448,Salary,20,Salaried Employee,34580,India,Verified,Android,TRUE,FALSE,FALSE,1.0.0,Biometric + OTP,TRUE,FALSE,0,201,0.89,TRUE,1409.35,10/12/2025 03:56,0,1,TRUE,26.863026,80.950175,Lucknow,17,Sunday,20.97,1,1,1173,India,26.863026,80.950175,Lucknow,India,India,,0
TXN000009530,ACC0091390,ACC0090905,1149.6,30/08/2025 19:14,P2P,NEFT,Fuel,Success,INR,DEV0084156,SES00843106,USR070186,3364,18173,Business,30,Salaried Employee,31691,India,Verified,Android,TRUE,FALSE,FALSE,1.0.0,PIN,TRUE,FALSE,0,210,0.93,TRUE,3251.16,22/11/2025 19:09,4,14,FALSE,28.548563,77.378915,Noida,19,Saturday,12.96,1,1,2377,India,28.548563,77.378915,Noida,India,India,,0
TXN000009551,ACC0019857,ACC0008255,3188.98,30/08/2025 01:33,P2P,UPI,Insurance,Success,INR,DEV0018245,SES00182609,USR015225,1633,126207,Business,25,Self-employed,69993,India,Verified,Android,TRUE,FALSE,FALSE,1.0.0,Password,TRUE,FALSE,1,269,0.94,TRUE,2059.2,30/08/2025 01:33,2,4,FALSE,28.519062,77.37117,Noida,1,Saturday,22.4,1,1,2112,India,28.519062,77.37117,Noida,India,India,,0
TXN000009642,ACC0056923,ACC0067975,2194.8,25/08/2025 06:03,P2P,UPI,Shopping,Success,INR,DEV0052385,SES00524389,USR043674,2312,120625,Current,31,Salaried Employee,57750,India,Verified,Android,TRUE,FALSE,FALSE,1.0.0,Biometric + OTP,TRUE,FALSE,0,165,0.93,TRUE,1026.68,21/11/2025 16:17,2,14,FALSE,22.583527,88.372322,Kolkata,6,Monday,12.15,0,1,1277,India,22.583527,88.372322,Kolkata,India,India,,0
TXN000009685,ACC0109113,ACC0026720,476.63,26/08/2025 18:45,Bank Transfer,Debit Card,Travel,Success,INR,DEV0100478,SES01005978,USR083777,955,13045,Salary,73,Retired,32471,India,Verified,Android,TRUE,FALSE,FALSE,2.0.0,Password + OTP,TRUE,TRUE,1,165,0.96,TRUE,1734.18,11/11/2025 21:07,2,13,FALSE,26.834844,80.939419,Lucknow,18,Tuesday,16.23,1,1,2297,India,26.834844,80.939419,Lucknow,India,India,,0
TXN000009690,ACC0122599,ACC0012941,3659.9,31/08/2025 13:28,P2P,Net Banking,Rent,Success,INR,DEV0112924,SES01130199,USR094197,2413,36438,Salary,20,Salaried Employee,86575,India,Verified,Android,TRUE,FALSE,FALSE,1.1.0,Password,TRUE,FALSE,0,229,0.86,TRUE,1387.65,31/08/2025 13:28,2,8,FALSE,18.533893,73.855944,Pune,13,Sunday,25.61,1,1,949,India,18.533893,73.855944,Pune,India,India,,0
TXN000010085,ACC0117161,ACC0020704,1647.63,27/08/2025 00:01,P2P,UPI,Shopping,Success,INR,DEV0107929,SES01080360,USR089987,2851,119852,Business,21,Student,4150,India,Verified,Android,TRUE,FALSE,TRUE,1.0.0,PIN,TRUE,TRUE,0,305,0.52,TRUE,1317.26,29/11/2025 17:24,5,4,FALSE,23.008791,72.561946,Ahmedabad,0,Wednesday,19.62,1,1,1439,India,23.008791,72.561946,Ahmedabad,India,India,,0
TXN000010430,ACC0105281,ACC0122720,4677.41,30/08/2025 16:03,P2M,UPI,Rent,Success,INR,DEV0096946,SES00970647,USR080843,209,20251,Business,21,Salaried Employee,21568,India,Verified,Android,TRUE,FALSE,FALSE,1.0.0,Password + OTP,TRUE,FALSE,0,448,0.86,TRUE,2087.77,06/11/2025 08:44,5,8,TRUE,17.398284,78.478121,Hyderabad,16,Saturday,30.07,0,0,2315,India,17.398284,78.478121,Hyderabad,India,India,,0
TXN000010464,ACC0044808,ACC0097817,4816.53,25/08/2025 02:32,P2P,UPI,Restaurant,Success,INR,DEV0041197,SES00412162,USR034342,2594,4902,Salary,45,Business Owner,67744,India,Verified,Android,TRUE,FALSE,FALSE,1.2.0,PIN,TRUE,FALSE,0,175,0.97,TRUE,2611.18,12/09/2025 14:38,2,10,FALSE,26.854928,80.957184,Lucknow,2,Monday,21.8,1,1,2204,India,26.854928,80.957184,Lucknow,India,India,,0
TXN000010484,ACC0026636,ACC0037110,2783.73,29/08/2025 00:20,P2M,UPI,Education,Success,INR,DEV0024532,SES00245586,USR020420,1036,67497,Savings,57,Homemaker,14996,India,Verified,Android,TRUE,FALSE,FALSE,1.0.0,PIN,FALSE,TRUE,0,540,0.99,TRUE,2526.36,29/08/2025 00:20,3,9,FALSE,23.020284,72.556968,Ahmedabad,0,Friday,18.73,0,1,1527,India,23.020284,72.556968,Ahmedabad,India,India,,0
TXN000010560,ACC0009146,ACC0082895,1143.22,27/08/2025 23:27,P2P,UPI,Insurance,Success,INR,DEV0008361,SES00083932,USR007014,652,71397,Business,18,Self-employed,86520,India,Verified,iPhone,TRUE,FALSE,FALSE,1.1.0,PIN,TRUE,TRUE,0,94,0.9,TRUE,1964.68,06/12/2025 11:51,5,11,FALSE,28.61842,77.212171,Delhi,23,Wednesday,16.18,1,1,799,India,28.61842,77.212171,Delhi,India,India,,0
TXN000010595,ACC0041406,ACC0087281,532.29,28/08/2025 20:25,P2M,IMPS,Groceries,Success,INR,DEV0038032,SES00380798,USR031727,2391,13998,Savings,53,Salaried Employee,50197,India,Verified,Web,TRUE,FALSE,FALSE,1.2.0,Biometric + OTP,TRUE,FALSE,0,117,0.93,TRUE,2354.7,06/12/2025 13:58,2,4,FALSE,22.58253,88.37403,Kolkata,20,Thursday,19.02,1,0,2617,India,22.58253,88.37403,Kolkata,India,India,,0
TXN000010761,ACC0009631,ACC0079012,5010.06,28/08/2025 02:20,P2M,UPI,Shopping,Success,INR,DEV0008824,SES00088505,USR007399,3224,130873,Business,25,Self-employed,72604,India,Verified,Android,TRUE,FALSE,FALSE,1.1.0,PIN,TRUE,FALSE,2,158,0.95,TRUE,1791.24,28/08/2025 02:20,3,14,FALSE,19.077621,72.871594,Mumbai,2,Thursday,14.11,1,1,2427,India,19.077621,72.871594,Mumbai,India,India,,0
TXN000010899,ACC0028001,ACC0108865,272.5,27/08/2025 11:02,P2M,UPI,Insurance,Success,INR,DEV0025761,SES00257726,USR021453,2783,78259,Salary,74,Retired,43294,India,Verified,iPhone,TRUE,FALSE,FALSE,1.1.0,Password + OTP,TRUE,FALSE,2,106,0.96,TRUE,2219.61,26/11/2025 06:40,4,12,FALSE,17.381618,78.471252,Hyderabad,11,Wednesday,21.3,1,1,3035,India,17.381618,78.471252,Hyderabad,India,India,,0
TXN000010919,ACC0114286,ACC0113098,3513.94,29/08/2025 20:13,P2M,Debit Card,Salary,Success,INR,DEV0105303,SES01053943,USR087780,855,116011,Current,26,Self-employed,104024,India,Verified,Android,TRUE,FALSE,FALSE,1.1.0,Password,TRUE,TRUE,0,61,0.89,TRUE,2029.71,26/11/2025 14:07,2,8,TRUE,23.028969,72.568613,Ahmedabad,20,Friday,30.18,1,1,3175,India,23.028969,72.568613,Ahmedabad,India,India,,0
TXN000011094,ACC0009589,ACC0126598,2656.76,30/08/2025 14:01,P2P,UPI,Travel,Success,INR,DEV0008788,SES00088146,USR007366,1510,56827,Savings,68,Retired,47514,India,Pending,Android,TRUE,FALSE,FALSE,2.0.0,PIN,TRUE,TRUE,0,426,0.95,TRUE,3303.59,21/11/2025 06:24,3,7,FALSE,28.554567,77.371412,Noida,14,Saturday,28.38,0,0,955,India,28.554567,77.371412,Noida,India,India,,0
TXN000011105,ACC0002021,ACC0035659,262.59,31/08/2025 08:29,P2M,UPI,Fuel,Success,INR,DEV0001803,SES00017855,USR001541,3078,78030,Current,34,Salaried Employee,49384,India,Verified,Android,TRUE,FALSE,FALSE,1.2.0,PIN,TRUE,TRUE,0,226,0.94,TRUE,1439.97,31/08/2025 08:29,4,12,TRUE,23.004911,72.553695,Ahmedabad,8,Sunday,21.15,1,1,564,India,23.004911,72.553695,Ahmedabad,India,India,,0
TXN000011276,ACC0032041,ACC0013783,301.47,29/08/2025 22:43,P2M,UPI,Travel,Success,INR,DEV0029453,SES00294707,USR024547,1033,92160,Business,42,Homemaker,14621,India,Verified,Android,TRUE,FALSE,FALSE,1.2.0,PIN,TRUE,FALSE,0,481,0.89,TRUE,1421.62,15/12/2025 19:55,4,19,FALSE,23.009928,72.557081,Ahmedabad,22,Friday,15.72,1,1,333,India,23.009928,72.557081,Ahmedabad,India,India,,0
TXN000011336,ACC0091780,ACC0101601,189.51,27/08/2025 15:50,P2M,RTGS,Fuel,Success,INR,DEV0084523,SES00846773,USR070492,1633,70843,Business,66,Homemaker,18959,India,Verified,Android,TRUE,FALSE,FALSE,1.0.0,PIN,TRUE,TRUE,0,103,1,TRUE,1841.05,11/09/2025 23:50,2,1,FALSE,23.039372,72.554188,Ahmedabad,15,Wednesday,21,1,0,3306,India,23.039372,72.554188,Ahmedabad,India,India,,0
TXN000011353,ACC0083041,ACC0054103,3168.36,29/08/2025 12:43,Bank Transfer,IMPS,Groceries,Success,INR,DEV0076498,SES00766389,USR063764,2064,109380,Savings,69,Business Owner,62680,India,Verified,Android,TRUE,FALSE,FALSE,1.2.0,PIN,TRUE,FALSE,3,454,0.95,TRUE,2415.81,12/10/2025 09:11,0,15,FALSE,19.095383,72.875511,Mumbai,12,Friday,20.05,1,1,1492,India,19.095383,72.875511,Mumbai,India,India,,0
TXN000011452,ACC0062118,ACC0012233,2079.76,27/08/2025 16:21,P2P,UPI,Fuel,Success,INR,DEV0057192,SES00572596,USR047676,3148,55785,Business,40,Government Employee,71275,India,Verified,Android,TRUE,FALSE,FALSE,2.0.0,Password + OTP,TRUE,FALSE,0,443,0.93,TRUE,2859.01,27/08/2025 16:21,3,9,FALSE,17.365807,78.479335,Hyderabad,16,Wednesday,24.38,1,0,2395,India,17.365807,78.479335,Hyderabad,India,India,,0
TXN000011478,ACC0008377,ACC0081981,809.54,27/08/2025 13:57,Bank Transfer,Credit Card,Utilities,Success,INR,DEV0007658,SES00076797,USR006430,3462,29230,Current,68,Business Owner,86564,India,Verified,Android,TRUE,FALSE,FALSE,1.1.0,Biometric,TRUE,FALSE,3,203,0.86,TRUE,2031.85,27/08/2025 13:57,3,13,FALSE,17.389843,78.488415,Hyderabad,13,Wednesday,13.99,0,1,3455,India,17.389843,78.488415,Hyderabad,India,India,,0
TXN000011828,ACC0101125,ACC0023386,2304.88,26/08/2025 21:48,P2M,UPI,Healthcare,Success,INR,DEV0093124,SES00932561,USR077661,573,13541,Salary,34,Salaried Employee,104991,India,Verified,iPhone,TRUE,FALSE,FALSE,2.0.0,PIN,TRUE,FALSE,0,115,0.88,TRUE,3015.79,05/12/2025 05:28,1,14,FALSE,23.003352,72.568699,Ahmedabad,21,Tuesday,21.55,1,1,1074,India,23.003352,72.568699,Ahmedabad,India,India,,0
TXN000011892,ACC0128952,ACC0047465,1995.83,31/08/2025 02:48,P2M,RTGS,Salary,Success,INR,DEV0118839,SES01189144,USR099083,49,103867,Savings,64,Retired,34618,India,Verified,Android,TRUE,FALSE,FALSE,1.1.0,Password,TRUE,TRUE,1,327,0.86,TRUE,1222.55,31/08/2025 02:48,4,16,FALSE,17.404171,78.477892,Hyderabad,2,Sunday,24.77,1,0,1963,India,17.404171,78.477892,Hyderabad,India,India,,0
TXN000011900,ACC0094137,ACC0065092,594.46,29/08/2025 10:32,Bank Transfer,UPI,Healthcare,Success,INR,DEV0086652,SES00868114,USR072278,2887,177372,Savings,55,Self-employed,48791,India,Verified,Android,TRUE,FALSE,FALSE,1.2.0,PIN,TRUE,FALSE,0,111,0.85,TRUE,2211.16,02/11/2025 16:31,4,5,FALSE,22.561604,88.357106,Kolkata,10,Friday,20.91,1,1,1745,India,22.561604,88.357106,Kolkata,India,India,,0
TXN000012127,ACC0033954,ACC0013379,3251.68,30/08/2025 18:40,P2M,Credit Card,Groceries,Success,INR,DEV0031188,SES00312148,USR026003,2080,24567,Current,26,Salaried Employee,47377,India,Verified,Android,TRUE,FALSE,FALSE,1.1.0,Biometric + OTP,TRUE,TRUE,0,199,0.92,TRUE,2811.08,30/12/2025 20:46,5,9,FALSE,17.385584,78.504549,Hyderabad,18,Saturday,19.14,1,1,679,India,17.385584,78.504549,Hyderabad,India,India,,0
TXN000012197,ACC0069537,ACC0061791,1624.62,29/08/2025 22:28,P2P,Net Banking,Salary,Success,INR,DEV0064026,SES00641420,USR053366,2101,30828,Business,28,Government Employee,72479,India,Verified,Android,TRUE,FALSE,FALSE,1.1.0,Password,TRUE,FALSE,3,81,0.98,TRUE,2562.02,18/12/2025 15:36,5,5,FALSE,28.538935,77.398436,Noida,22,Friday,21.01,1,1,3583,India,28.538935,77.398436,Noida,India,India,,0
TXN000012352,ACC0033827,ACC0098286,400.23,30/08/2025 00:36,P2P,Debit Card,Fuel,Success,INR,DEV0031080,SES00311036,USR025911,812,50816,Business,37,Salaried Employee,52161,India,Verified,Web,TRUE,FALSE,FALSE,1.0.0,Biometric,TRUE,FALSE,0,191,0.88,TRUE,3748.6,30/08/2025 00:36,3,19,FALSE,23.02232,72.582124,Ahmedabad,0,Saturday,19.78,1,1,869,India,23.02232,72.582124,Ahmedabad,India,India,,0
TXN000012358,ACC0041055,ACC0005256,213.94,31/08/2025 21:09,P2M,Debit Card,Travel,Success,INR,DEV0037699,SES00377356,USR031454,766,47345,Business,56,Salaried Employee,35119,India,Verified,Android,TRUE,FALSE,FALSE,2.0.0,Password + OTP,TRUE,FALSE,0,32,0.94,TRUE,1894.22,29/09/2025 15:49,0,1,FALSE,19.08581,72.892748,Mumbai,21,Sunday,21.46,1,1,1825,India,19.08581,72.892748,Mumbai,India,India,,0
TXN000012431,ACC0075429,ACC0039414,9926.04,27/08/2025 08:08,P2M,UPI,Salary,Success,INR,DEV0069461,SES00695734,USR057892,1023,24850,Current,39,Salaried Employee,67827,India,Verified,Android,TRUE,FALSE,FALSE,2.0.0,Biometric,FALSE,TRUE,0,460,0.92,TRUE,3257.68,03/09/2025 10:21,0,2,FALSE,13.067634,80.26558,Chennai,8,Wednesday,18.15,1,1,2507,India,13.067634,80.26558,Chennai,India,India,,0
TXN000012530,ACC0037920,ACC0062298,1287.75,29/08/2025 12:35,Bank Transfer,Credit Card,Groceries,Success,INR,DEV0034807,SES00348440,USR029033,3568,55304,Business,55,Business Owner,179838,India,Verified,iPhone,TRUE,FALSE,FALSE,1.2.0,PIN,TRUE,TRUE,0,38,0.92,TRUE,2780.97,27/09/2025 12:20,3,19,FALSE,28.619689,77.206553,Delhi,12,Friday,27.39,1,1,3051,India,28.619689,77.206553,Delhi,India,India,,0
TXN000012580,ACC0102216,ACC0050334,805.85,28/08/2025 02:49,P2M,UPI,Shopping,Success,INR,DEV0094117,SES00942658,USR078485,952,35285,Savings,56,Salaried Employee,51555,India,Verified,Android,TRUE,FALSE,FALSE,1.0.0,PIN,TRUE,TRUE,1,231,0.91,TRUE,2787.82,25/09/2025 16:52,0,12,FALSE,26.846618,80.926998,Lucknow,2,Thursday,28.45,1,0,339,India,26.846618,80.926998,Lucknow,India,India,,0
TXN000012872,ACC0030416,ACC0014337,2158.47,26/08/2025 15:26,P2P,UPI,Restaurant,Success,INR,DEV0027975,SES00280042,USR023293,836,56980,Savings,50,Salaried Employee,60961,India,Verified,Android,TRUE,FALSE,FALSE,2.0.0,PIN,TRUE,FALSE,1,137,0.9,TRUE,3165.01,01/12/2025 07:02,0,12,FALSE,18.516463,73.841856,Pune,15,Tuesday,26.83,1,1,3481,India,18.516463,73.841856,Pune,India,India,,0
TXN000013011,ACC0032773,ACC0036363,1912.27,25/08/2025 22:12,P2M,UPI,Travel,Success,INR,DEV0030121,SES00301289,USR025102,1478,12212,Current,36,Salaried Employee,44558,India,Verified,Android,TRUE,FALSE,FALSE,2.0.0,PIN,TRUE,FALSE,1,205,0.87,TRUE,1149.62,25/08/2025 22:12,2,14,FALSE,17.379305,78.489165,Hyderabad,22,Monday,26.38,0,1,192,India,17.379305,78.489165,Hyderabad,India,India,,0
TXN000013013,ACC0039206,ACC0097445,4040.12,30/08/2025 03:13,P2M,NEFT,Groceries,Success,INR,DEV0035980,SES00360236,USR030026,2264,109028,Current,46,Self-employed,67380,India,Rejected,Android,FALSE,FALSE,FALSE,2.0.0,Biometric + OTP,TRUE,TRUE,5,65,0.82,TRUE,1795.7,23/09/2025 17:33,2,14,FALSE,23.032358,72.590128,Ahmedabad,3,Saturday,30.62,1,1,3555,India,23.032358,72.590128,Ahmedabad,India,India,,1
TXN000013023,ACC0008078,ACC0105301,707.21,27/08/2025 13:48,P2P,NEFT,Healthcare,Success,INR,DEV0007396,SES00074186,USR006208,2431,77198,Savings,22,Salaried Employee,52992,India,Verified,Android,TRUE,FALSE,FALSE,1.2.0,PIN,TRUE,TRUE,1,793,0.91,TRUE,2609.84,28/11/2025 15:03,0,2,FALSE,13.09763,80.272488,Chennai,13,Wednesday,22.48,0,1,411,India,13.09763,80.272488,Chennai,India,India,,0
TXN000013142,ACC0048316,ACC0010667,758.88,30/08/2025 23:58,P2M,Debit Card,Shopping,Success,INR,DEV0044439,SES00444671,USR037035,2867,58377,Salary,43,Salaried Employee,31087,India,Verified,Android,TRUE,FALSE,FALSE,1.1.0,Password + OTP,TRUE,FALSE,0,44,0.91,TRUE,1361.05,30/08/2025 23:58,4,1,FALSE,12.991195,77.614492,Bengaluru,23,Saturday,16.06,0,1,2932,India,12.991195,77.614492,Bengaluru,India,India,,0
TXN000013335,ACC0064708,ACC0113763,2121.11,29/08/2025 08:49,P2P,IMPS,Travel,Success,INR,DEV0059590,SES00596555,USR049667,2894,56024,Current,25,Salaried Employee,44398,India,Verified,Android,TRUE,FALSE,FALSE,1.0.0,Password + OTP,TRUE,FALSE,0,149,0.95,TRUE,2582.04,04/11/2025 04:38,3,18,FALSE,13.088208,80.280422,Chennai,8,Friday,11.3,1,0,2899,India,13.088208,80.280422,Chennai,India,India,,0
TXN000013419,ACC0097062,ACC0108786,932.19,28/08/2025 13:41,P2P,UPI,Shopping,Success,INR,DEV0089370,SES00894908,USR074533,3143,28694,Savings,66,Retired,45121,India,Verified,Android,TRUE,FALSE,FALSE,1.2.0,Password,TRUE,FALSE,0,1396,0.9,TRUE,1674.33,16/12/2025 21:46,2,11,FALSE,26.837871,80.948425,Lucknow,13,Thursday,19.3,1,1,155,India,26.837871,80.948425,Lucknow,India,India,,0
TXN000013535,ACC0058724,ACC0096436,4387.59,27/08/2025 20:16,P2M,UPI,Investment,Success,INR,DEV0054055,SES00541286,USR045061,60,39876,Savings,59,Self-employed,74611,India,Verified,Android,TRUE,FALSE,FALSE,1.2.0,PIN,TRUE,TRUE,0,501,0.91,TRUE,2454.88,16/10/2025 19:48,5,3,FALSE,18.522159,73.852944,Pune,20,Wednesday,20.4,0,1,605,India,18.522159,73.852944,Pune,India,India,,0
TXN000013595,ACC0090279,ACC0050548,2759.45,29/08/2025 21:53,P2P,UPI,Healthcare,Success,INR,DEV0083126,SES00832746,USR069320,2312,27975,Salary,65,Retired,46588,India,Pending,Android,TRUE,FALSE,FALSE,1.0.0,PIN,FALSE,TRUE,0,294,0.92,TRUE,1727.67,29/08/2025 21:53,5,14,FALSE,17.397637,78.501338,Hyderabad,21,Friday,26.16,1,1,1248,India,17.397637,78.501338,Hyderabad,India,India,,0
TXN000013599,ACC0033017,ACC0110034,981.28,28/08/2025 23:47,Bank Transfer,IMPS,Healthcare,Success,INR,DEV0030338,SES00303485,USR025293,1677,8081,Savings,19,Student,5658,India,Verified,Android,TRUE,FALSE,FALSE,2.0.0,PIN,TRUE,FALSE,0,123,0.89,TRUE,3252.07,28/08/2025 23:47,3,14,FALSE,28.627043,77.197987,Delhi,23,Thursday,17.58,1,1,2362,India,28.627043,77.197987,Delhi,India,India,,0
TXN000013603,ACC0059206,ACC0063053,742.28,29/08/2025 09:03,P2P,UPI,Shopping,Success,INR,DEV0054490,SES00545758,USR045426,1082,46854,Business,54,Salaried Employee,54252,India,Verified,Android,TRUE,FALSE,FALSE,1.2.0,Biometric + OTP,TRUE,FALSE,0,167,0.88,TRUE,2025.29,21/12/2025 04:18,3,6,FALSE,23.011919,72.553075,Ahmedabad,9,Friday,22.25,1,1,2927,India,23.011919,72.553075,Ahmedabad,India,India,,0
TXN000013640,ACC0074841,ACC0045557,9027.4,28/08/2025 19:19,P2P,UPI,Restaurant,Success,INR,DEV0068914,SES00690377,USR057446,1466,20732,Savings,62,Retired,43062,India,Verified,Android,TRUE,FALSE,FALSE,1.1.0,Biometric + OTP,TRUE,TRUE,2,47,0.94,TRUE,1665.3,24/11/2025 02:25,4,1,FALSE,23.021736,72.579375,Ahmedabad,19,Thursday,25.76,1,1,3149,India,23.021736,72.579375,Ahmedabad,India,India,,0
TXN000013843,ACC0046093,ACC0086379,3018.78,31/08/2025 16:24,P2M,IMPS,Education,Success,INR,DEV0042373,SES00423963,USR035322,806,71580,Business,56,Salaried Employee,61476,India,Verified,iPhone,TRUE,FALSE,FALSE,2.0.0,Biometric + OTP,TRUE,FALSE,0,357,0.93,TRUE,3158.37,29/11/2025 03:14,4,11,FALSE,12.973634,77.591493,Bengaluru,16,Sunday,23.67,1,1,2311,India,12.973634,77.591493,Bengaluru,India,India,,0
TXN000013851,ACC0007650,ACC0112357,9467.61,30/08/2025 01:13,P2P,UPI,Restaurant,Success,INR,DEV0006983,SES00070122,USR005876,3096,314192,Business,75,Retired,23649,India,Verified,iPhone,TRUE,FALSE,FALSE,2.0.0,PIN,TRUE,FALSE,0,49,0.9,TRUE,4234.16,30/08/2025 01:13,2,6,FALSE,22.558992,88.378324,Kolkata,1,Saturday,19.2,1,1,2205,India,22.558992,88.378324,Kolkata,India,India,,0
TXN000014014,ACC0067689,ACC0007160,449.84,28/08/2025 19:33,P2P,UPI,Groceries,Success,INR,DEV0062318,SES00624083,USR051954,2444,117785,Salary,37,Self-employed,32489,India,Verified,Android,TRUE,FALSE,FALSE,2.0.0,PIN,TRUE,TRUE,0,98,0.95,TRUE,1787.74,22/12/2025 05:47,5,4,FALSE,13.078413,80.278972,Chennai,19,Thursday,25.54,0,1,1547,India,13.078413,80.278972,Chennai,India,India,,0
TXN000014040,ACC0014863,ACC0020147,1022.53,27/08/2025 22:06,P2P,UPI,Fuel,Success,INR,DEV0013619,SES00136134,USR011391,384,25628,Business,44,Self-employed,30084,India,Verified,Android,TRUE,FALSE,FALSE,2.0.0,Password + OTP,TRUE,FALSE,0,169,0.9,TRUE,2474.85,09/11/2025 13:27,4,14,FALSE,22.588442,88.379122,Kolkata,22,Wednesday,23.51,0,0,1452,India,22.588442,88.379122,Kolkata,India,India,,0
TXN000014327,ACC0070973,ACC0059285,1907.24,28/08/2025 06:22,P2P,UPI,Shopping,Success,INR,DEV0065358,SES00654715,USR054477,1115,39931,Salary,51,Self-employed,178088,India,Verified,Android,TRUE,FALSE,FALSE,2.0.0,PIN,TRUE,TRUE,1,75,0.98,TRUE,2863.91,14/12/2025 03:21,1,19,FALSE,18.529109,73.865436,Pune,6,Thursday,24.91,1,1,3071,India,18.529109,73.865436,Pune,India,India,,0
TXN000014330,ACC0003004,ACC0027602,7200.55,27/08/2025 08:29,P2P,UPI,Restaurant,Success,INR,DEV0002724,SES00027092,USR002318,1037,126343,Salary,67,Retired,27342,India,Verified,iPhone,TRUE,FALSE,FALSE,2.0.0,PIN,TRUE,FALSE,0,92,0.9,TRUE,2145.16,23/11/2025 04:18,0,5,FALSE,13.098018,80.281144,Chennai,8,Wednesday,18.2,1,1,3274,India,13.098018,80.281144,Chennai,India,India,,0
TXN000014342,ACC0124194,ACC0057227,7866.25,29/08/2025 08:25,P2M,Credit Card,Insurance,Success,INR,DEV0114387,SES01144756,USR095415,2391,93292,Business,53,Salaried Employee,40503,India,Verified,Android,TRUE,FALSE,FALSE,1.0.0,PIN,TRUE,FALSE,0,352,0.93,TRUE,3748.82,29/08/2025 08:25,1,18,FALSE,23.031536,72.579572,Ahmedabad,8,Friday,19.69,1,1,2010,India,23.031536,72.579572,Ahmedabad,India,India,,0
TXN000014485,ACC0024885,ACC0016230,26099.03,25/08/2025 13:43,P2P,UPI,Education,Success,INR,DEV0022900,SES00229115,USR019077,1835,7450,Current,31,Salaried Employee,86892,India,Verified,Android,TRUE,FALSE,FALSE,1.1.0,Biometric,TRUE,FALSE,1,16,0.91,FALSE,3567.69,14/10/2025 13:36,1,1,FALSE,23.013735,72.555939,Ahmedabad,13,Monday,16.68,1,1,1368,India,23.013735,72.555939,Ahmedabad,India,India,,0
TXN000014502,ACC0007350,ACC0050308,2293.36,27/08/2025 13:46,P2M,UPI,Travel,Success,INR,DEV0006714,SES00067345,USR005648,1290,92397,Savings,54,Salaried Employee,101261,India,Verified,Android,TRUE,FALSE,FALSE,1.1.0,Password + OTP,TRUE,FALSE,0,150,0.99,TRUE,1831.38,13/12/2025 09:27,3,3,FALSE,22.560527,88.360011,Kolkata,13,Wednesday,19.51,1,1,55,India,22.560527,88.360011,Kolkata,India,India,,0
TXN000014531,ACC0123404,ACC0110706,354.73,31/08/2025 02:44,P2P,UPI,Fuel,Success,INR,DEV0113659,SES01137444,USR094814,34,112838,Savings,48,Business Owner,258492,India,Verified,Android,TRUE,FALSE,FALSE,1.0.0,Password + OTP,TRUE,FALSE,0,113,0.85,TRUE,1766.73,16/09/2025 02:32,0,3,FALSE,12.972258,77.600591,Bengaluru,2,Sunday,17.49,1,1,2217,India,12.972258,77.600591,Bengaluru,India,India,,0
TXN000014577,ACC0097102,ACC0095593,2694.47,31/08/2025 14:19,Bank Transfer,UPI,Travel,Success,INR,DEV0089408,SES00895291,USR074565,1392,30712,Current,68,Retired,12792,India,Verified,Android,TRUE,FALSE,FALSE,1.0.0,Password + OTP,TRUE,FALSE,0,327,0.85,TRUE,2253.08,31/08/2025 14:19,2,10,FALSE,22.58545,88.357444,Kolkata,14,Sunday,17.56,1,1,2808,India,22.58545,88.357444,Kolkata,India,India,,0
TXN000014675,ACC0062280,ACC0007726,1194.78,26/08/2025 00:21,P2M,UPI,Healthcare,Success,INR,DEV0057336,SES00574055,USR047798,3291,136581,Business,69,Retired,39258,India,Verified,Android,TRUE,FALSE,FALSE,1.2.0,Biometric + OTP,TRUE,TRUE,0,236,0.96,TRUE,2077.35,09/12/2025 08:40,2,12,FALSE,19.088194,72.874121,Mumbai,0,Tuesday,19.5,1,1,2422,India,19.088194,72.874121,Mumbai,India,India,,0
